Id,Nombre,Apellido1,Apellido2,Correo
1,Juan,Pérez,García,juanperez@example.com
2,Ana,Rodríguez,López,anarodriguez@example.com
3,Carlos,Martínez,Sánchez,carlosmartinez@example.com
4,Laura,González,Romero,lauragonzalez@example.com
5,Luis,Torres,Flores,luistorres@example.com
6,María,Díaz,Gómez,mariadiaz@example.com
7,Pedro,Cruz,Morales,pedrocruz@example.com
8,Sofía,Ortega,Castro,sofiaortega@example.com
9,Andrés,Jiménez,Ramírez,andresjimenez@example.com
10,Valentina,Herrera,Medina,valentinaherrera@example.com
11,Javier,Vargas,Rivera,javiervargas@example.com
12,Carolina,Reyes,Mendoza,carolinareyes@example.com
13,Alejandro,Silva,Núñez,alejandrosilva@example.com
14,Gabriela,Ríos,Molina,gabrielarios@example.com
15,Manuel,Ruiz,Espinoza,manuelruiz@example.com
16,Isabella,Rojas,Cordero,isabellarojas@example.com
17,Sergio,Paredes,Aguilar,sergioparedes@example.com
18,Natalia,Mora,Valenzuela,nataliamora@example.com
19,Francisco,Fernández,Guzmán,franciscofernandez@example.com
20,Victoria,León,Zamora,victorialeon@example.com22
21,Miguel,Araya,Bravo,miguelaraya@example.com
22,Andrea,Peña,Pinto,andreapena@example.com
23,José,Soto,Cortés,josesoto@example.com
24,Daniela,Salazar,Miranda,danielasalazar@example.com
25,Rafael,Araya,Barrios,rafaelaraya@example.com
26,Paula,Calderón,Cáceres,paulacalderon@example.com
27,David,Delgado,Herrera,daviddelgado@example.com
28,Martina,Mora,Navarro,martinamora@example.com
29,Fernando,Ochoa,Palacios,fernandoochoa@example.com
30,Alejandra,Quiroz,Saavedra,alejandraquiroz@example.com
31,Guillermo,Ulloa,Villalobos,guillermoulloa@example.com
32,Antonia,Zúñiga,Acevedo,antoniazuniga@example.com
33,Diego,Benítez,Cárdenas,diegobenitez@example.com
34,Lucía,Duarte,Escobar,luciaduarte@example.com
35,Antonio,Fuentes,Gallegos,antoniofuentes@example.com
36,Juliana,Henríquez,Ibáñez,julianahenriquez@example.com
37,Gabriel,Jara,Kuhn,gabrieljara@example.com
38,Adriana,Lira,Montenegro,adrianalira@example.com
39,Raúl,Novoa,Olivares,raulnovoa@example.com
40,Elizabeth,Paredes,Quezada,elizabethparedes@example.com
41,Ricardo,Riquelme,Salinas,ricardoriquelme@example.com
42,Sylvia,Téllez,Urrutia,sylviatellez@example.com
43,Mauricio,Vásquez,Wills,mauriciovasquez@example.com
44,Patricia,Yáñez,Zepeda,patriciayanez@example.com
45,Oscar,Acosta,Bolaños,oscaracosta@example.com
46,Marcela,Caballero,Domínguez,marcelacaballero@example.com
47,Eduardo,Escalante,Figueroa,eduardoescalante@example.com
48,Daniela,Gutiérrez,Hermosillo,danielagutierrez@example.com
49,Daniel,Ibarra,Jaramillo,danielibarra@example.com
50,Carmen,Lugo,Reyes,carmenlugo@example.com
51,Ignacio,Méndez,González,ignaciomendez@example.com
52,Lorena,Alvarado,Herrera,lorenaalvarado@example.com
53,Emilio,Bravo,Mora,emiliobravo@example.com
54,Beatriz,Carrillo,Navarro,beatrizcarrillo@example.com
55,Sergio,Delgado,Ochoa,sergiodelgado@example.com
56,María,Salazar,Palacios,anamariasalazar@example.com
57,Alfredo,Torres,Quiroz,alfredotorres@example.com
58,Fabiola,Vargas,Saavedra,fabiolavargas@example.com
59,Víctor,Ulloa,Téllez,victorulloa@example.com
60,Elena,Zúñiga,Urrutia,elenazuniga@example.com
61,Gonzalo,Acosta,Vásquez,gonzaloacosta@example.com
62,Renata,Caballero,Yáñez,renatacaballero@example.com
63,Marco,Escalante,Acosta,marcoescalante@example.com
64,Jimena,Gutiérrez,Marcela,jimenagutierrez@example.com
65,Roberto,Ibarra,Eduardo,robertoibarra@example.com
66,Paola,Jaramillo,Lugo,paolajaramillo@example.com
67,Arturo,Méndez,Gonzalez,arturomendez@example.com
68,Rosario,Alvarado,Martinez,rosarioalvarado@example.com
69,Héctor,Bravo,Sanchez,hectorbravo@example.com
70,Susana,Carrillo,Beatriz,susanacarrillo@example.com
71,Andrés,Delgado,Sergio,andresdelgado@example.com
72,Gabriela,Salazar,Ana María,gabrielasalazar@example.com
73,Hugo,Torres,Alfredo,hugotorres@example.com
74,Alejandra,Vargas,Fabiola,alejandravargas@example.com
75,Mauricio,Ulloa,Víctor,mauricioulloa@example.com
76,Valeria,Zúñiga,Elena,valeriazuniga@example.com
77,Juan,Acosta,Gonzalo,juancarlosacosta@example.com
78,Verónica,Caballero,Renata,veronicacaballero@example.com
79,Marcelo,Escalante,Marco,marceloescalante@example.com
80,Lorena,Gutiérrez,Jimena,lorenagutierrez@example.com
81,Felipe,Ibarra,Roberto,felipeibarra@example.com
82,Natalia,Jaramillo,Paola,nataliajaramillo@example.com
83,Martín,Méndez,Arturo,martinmendez@example.com
84,Carolina,Alvarado,Rosario,carolinaalvarado@example.com
85,Salvador,Bravo,Héctor,salvadorbravo@example.com
86,Patricia,Carrillo,Susana,patriciacarrillo@example.com
87,Eduardo,Delgado,Andrés,eduardodelgado@example.com
88,Daniela,Salazar,Gabriela,danielasalazar@example.com
89,Jaime,Torres,Hugo,jaimetorres@example.com
90,Laura,Vargas,Alejandra,lauravargas@example.com
91,Manuel,Ulloa,Mauricio,manuelulloa@example.com
92,José,Zúñiga,Valeria,mariajosezuniga@example.com
93,Francisco,Acosta,Caballero,franciscoacosta@example.com
94,Jessica,Caballero,Verónica,jessicacaballero@example.com
95,René,Escalante,Marcelo,reneescalante@example.com
96,Mariana,Gutiérrez,Lorena,marianagutierrez@example.com
97,Óscar,Ibarra,Felipe,oscaribarra@example.com
98,Violeta,Jaramillo,Natalia,violetajaramillo@example.com
99,Ángel,Méndez,Martín,angelmendez@example.com
100,Laura,Alvarado,Carolina,lauraalvarado@example.com
